JP Title,Eng Title,★,FT Prelude,FT FS,FT CT,FT DLC1,FT DLC2,FT DLC3,FT DX,FT MM,FT MM2,MegaMix,MM Theme,MM DLC1,MM DLC2,MM DLC3,MM DLC4,MM DLC5,MM DLC6,MM Sega,MM DLC7,MM DLC8,MM DLC9,MM DLC10,MM DLC11
愛言葉,Aikotoba,7,×,✓,×,×,×,×,×,×,×,✓,×,×,×,×,×,×,×,×,×,×,×,×,×
アウト　オブ　エデン,Out of Eden,8,×,×,✓,×,×,×,×,×,×,×,×,×,×,×,×,×,×,×,×,×,×,×,×
アカツキアライヴァル,Akatsuki Arrival,8.5,×,✓,×,×,×,×,×,×,×,✓,×,×,×,×,×,×,×,×,×,×,×,×,×
ACUTE,ACUTE,7.5,×,✓,×,×,×,×,×,×,×,✓,×,×,×,×,×,×,×,×,×,×,×,×,×
アゲアゲアゲイン,Ageage Again,8.5,×,×,×,✓,×,×,×,×,×,✓,×,×,×,×,×,×,×,×,×,×,×,×,×
アドレサンス,Adolescence,8,×,×,×,✓,×,×,×,×,×,×,×,×,×,×,×,×,×,×,×,×,×,×,✓
あなたの歌姫,I'm Your Diva,7,×,✓,×,×,×,×,×,×,×,×,×,×,×,×,×,×,×,×,✓,×,×,×,×
Absolunote,Absolunote,8.5,×,×,✓,×,×,×,×,×,×,×,×,×,×,×,×,×,×,×,×,×,×,×,×
AFTER BURNER,AFTER BURNER,8.5,×,×,✓,×,×,×,×,×,×,×,×,×,×,×,×,×,×,✓,×,×,×,×,×
数多の舞 -Dance of many-,Dance of Many,7,×,×,✓,×,×,×,×,×,×,×,×,×,×,×,×,×,×,×,×,×,×,×,×
アマツキツネ,Amatsu Kitsune,8,×,×,×,×,×,✓,×,×,×,✓,×,×,×,×,×,×,×,×,×,×,×,×,×
雨のちSweet*Drops,Rain With A Chance of Sweet*Drops,7,×,✓,×,×,×,×,×,×,×,×,×,×,×,×,×,×,×,×,×,×,×,×,×
ありふれたせかいせいふく,Arifureta Sekai Seifuku,9,×,×,✓,×,×,×,×,×,×,✓,×,×,×,×,×,×,×,×,×,×,×,×,×
アンハッピーリフレイン,Unhappy Refrain,9,×,✓,×,×,×,×,×,×,×,✓,×,×,×,×,×,×,×,×,×,×,×,×,×
Ievan Polkka,Ievan Polkka,8,×,✓,×,×,×,×,×,×,×,×,×,×,×,×,×,×,×,×,×,×,×,×,×
Yellow,Yellow,6,×,✓,×,×,×,×,×,×,×,×,×,×,×,×,✓,×,×,×,×,×,×,×,×
Equation+**,Equation+**,8.5,×,×,✓,×,×,×,×,×,×,×,×,×,×,×,×,×,×,×,×,×,×,×,×
1925,1925,8.5,×,×,×,×,×,✓,×,×,×,✓,×,×,×,×,×,×,×,×,×,×,×,×,×
Innocence,Innocence,6,×,✓,×,×,×,×,×,×,×,×,×,×,×,×,×,×,×,×,×,×,×,×,×
いのちの歌,Song of Life,6,×,✓,×,×,×,×,×,×,×,×,×,×,×,×,×,×,×,×,×,×,×,×,×
イヤイヤ星人,Iya Iya Seijin,9.5,×,×,✓,×,×,×,×,×,×,×,×,×,×,×,×,×,×,×,×,×,×,×,×
erase or zero,Erase or Zero,8,×,✓,×,×,×,×,×,×,×,✓,×,×,×,×,×,×,×,×,×,×,×,×,×
いろは唄,Iroha Uta,9,×,×,✓,×,×,×,×,×,×,×,×,×,×,×,×,×,×,×,×,×,×,×,×
インタビュア,Interviewer,7.5,×,×,✓,×,×,×,×,×,×,✓,×,×,×,×,×,×,×,×,×,×,×,×,×
Weekender Girl,Weekender Girl,7,✓,✓,×,×,×,×,×,×,×,✓,×,×,×,×,×,×,×,×,×,×,×,×,×
嘘つきベティ,Betty The Liar,8,×,×,✓,×,×,×,×,×,×,×,×,×,×,×,×,×,×,×,×,×,×,×,×
歌に形はないけれど,Though My Song Has No Form,7,×,✓,×,×,×,×,×,×,×,×,×,×,×,×,×,✓,×,×,×,×,×,×,×
裏表ラバーズ,Two-Sided Lovers,10,×,✓,×,×,×,×,×,×,×,✓,×,×,×,×,×,×,×,×,×,×,×,×,×
え?あぁ、そう。,"Hm? Ah, Yes.",8.5,×,✓,×,×,×,×,×,×,×,×,×,×,×,✓,×,×,×,×,×,×,×,×,×
LOL -lots of laugh-,LOL -lots of laugh-,7.5,×,×,×,×,✓,×,×,×,×,✓,×,×,×,×,×,×,×,×,×,×,×,×,×
えれくとりっく・えんじぇぅ,Electric Angel,7,×,×,✓,×,×,×,×,×,×,✓,×,×,×,×,×,×,×,×,×,×,×,×,×
エレクトロサチュレイタ,Electrosaturator,8,×,×,✓,×,×,×,×,×,×,×,×,✓,×,×,×,×,×,×,×,×,×,×,×
エンヴィキャットウォーク,Envy Cat Walk,9.5,×,✓,×,×,×,×,×,×,×,✓,×,×,×,×,×,×,×,×,×,×,×,×,×
オオカミガール,Wolf Girl,7.5,×,×,✓,×,×,×,×,×,×,×,×,×,×,×,×,×,×,×,×,×,×,×,×
ODDS&ENDS,Odds & Ends,8.5,×,✓,×,×,×,×,×,×,×,✓,×,×,×,×,×,×,×,×,×,×,×,×,×
おはヨーデル (Oha-Yo-del!!),Oha-Yo-del!!,9,×,×,✓,×,×,×,×,×,×,×,×,×,×,×,×,×,×,×,×,×,×,×,×
on the rocks,On The Rocks,8,×,×,✓,×,×,×,×,×,×,✓,×,×,×,×,×,×,×,×,×,×,×,×,×
骸骨楽団とリリア,Gaikotsu Gakudan to Riria,9.5,×,×,×,×,✓,×,×,×,×,✓,×,×,×,×,×,×,×,×,×,×,×,×,×
片想いサンバ,One-Sided Love Samba,7.5,×,×,✓,×,×,×,×,×,×,×,×,×,×,×,×,×,×,×,×,×,×,×,×
神曲,God-Tier Tune,7,×,✓,×,×,×,×,×,×,×,×,×,×,×,×,✓,×,×,×,×,×,×,×,×
唐傘さんが通る,Here Comes Karakasa-san,7,×,×,✓,×,×,×,×,×,×,×,×,×,×,×,×,×,×,×,×,×,×,×,×
からくりピエロ,Karakuri Pierrot,8,×,✓,×,×,×,×,×,×,×,✓,×,×,×,×,×,×,×,×,×,×,×,×,×
カラフル×セクシィ,Colorful X Sexy,8.5,×,×,✓,×,×,×,×,×,×,×,×,×,×,×,×,×,×,×,×,✓,×,×,×
カラフル×メロディ,Colorful X Melody,8,×,✓,×,×,×,×,×,×,×,✓,×,×,×,×,×,×,×,×,×,×,×,×,×
カンタレラ,Cantarella,7,×,✓,×,×,×,×,×,×,×,✓,×,×,×,×,×,×,×,×,×,×,×,×,×
ぎずも,Gizmo,8,×,×,✓,×,×,×,×,×,×,×,×,×,×,×,×,×,×,×,×,×,×,×,×
キップル・インダストリー,"Kipple Industry, Inc.",8,×,×,✓,×,×,×,×,×,×,×,×,×,×,×,×,×,×,×,×,×,✓,×,×
キミに,Kimi Ni,8.5,×,×,✓,×,×,×,×,×,×,×,×,×,×,×,×,×,×,×,×,×,×,×,×
君の体温,Kimi no Taion,8.5,×,×,×,×,✓,×,×,×,×,✓,×,×,×,×,×,×,×,×,×,×,×,×,×
キャットフード,Cat Food,8,×,✓,×,×,×,×,×,×,×,✓,×,×,×,×,×,×,×,×,×,×,×,×,×
巨大少女,Gigantic Girl,7,×,✓,×,×,×,×,×,×,×,×,×,×,×,✓,×,×,×,×,×,×,×,×,×
偶像無線 (Game edit),Idol Radio (Game Edit),7.5,×,×,✓,×,×,×,×,×,×,×,×,×,×,×,×,×,×,×,×,×,×,×,×
クローバー・クラブ,Clover♣Club,7,×,×,✓,×,×,×,×,×,×,×,×,×,×,×,×,✓,×,×,×,×,×,×,×
Glory 3usi9,Glory 3usi9,7.5,×,✓,×,×,×,×,×,×,×,✓,×,×,×,×,×,×,×,×,×,×,×,×,×
恋色病棟,Love-Colored Ward,9,×,✓,×,×,×,×,×,×,×,×,×,×,×,×,×,×,×,×,×,✓,×,×,×
恋スルVOC@LOID,VOC@LOID in Love,7,×,✓,×,×,×,×,×,×,×,×,×,×,×,×,✓,×,×,×,×,×,×,×,×
恋ノート////,Love's note,7.5,×,×,✓,×,×,×,×,×,×,×,×,×,×,×,×,×,×,×,×,×,×,×,×
恋は戦争,Love is War,8,×,✓,×,×,×,×,×,×,×,×,×,×,×,×,×,×,×,×,✓,×,×,×,×
荒野と森と魔法の歌,"A Song of Wastelands, Forests, and Magic",6.5,×,✓,×,×,×,×,×,×,×,×,×,×,×,×,×,×,×,×,×,×,×,×,×
ゴーストルール,Ghost Rule,9,×,×,×,×,×,×,✓,×,×,✓,×,×,×,×,×,×,×,×,×,×,×,×,×
金の聖夜霜雪に朽ちて,Requiem for the Phantasma,8.5,×,✓,×,×,×,×,×,×,×,×,×,×,×,×,×,×,×,×,×,×,×,×,×
ココロ,Kokoro,7,×,×,✓,×,×,×,×,×,×,×,×,×,×,×,×,×,✓,×,×,×,×,×,×
Gothic and Loneliness ~I'm the very DIVA~,Gothic and Loneliness ~I'm the very DIVA~,9,×,×,✓,×,×,×,×,×,×,×,×,×,×,×,×,×,×,×,×,×,×,×,×
こちら、幸福安心委員会です。,This is the Happiness and Peace of Mind Committee,9,×,✓,×,×,×,×,×,×,×,✓,×,×,×,×,×,×,×,×,×,×,×,×,×
こっち向いて Baby,"Look This Way, Baby",8.5,×,✓,×,×,×,×,×,×,×,✓,✓,×,×,×,×,×,×,×,×,×,×,×,×
孤独の果て,Solitude's End,8,×,×,✓,×,×,×,×,×,×,×,×,×,×,×,×,×,×,×,×,×,×,×,×
孤独の果て -extend edition-,Solitude's End -extend edition-,9,×,✓,×,×,×,×,×,×,×,×,×,×,✓,×,×,×,×,×,×,×,×,×,×
壊セ壊セ,"Break It, Break It!",8.5,×,✓,×,×,×,×,×,×,×,×,×,✓,×,×,×,×,×,×,×,×,×,×,×
さあ、どっち？,Now Choose,8,×,×,✓,×,×,×,×,×,×,×,×,×,×,×,×,×,×,×,×,×,×,×,×
サイハテ,Saihate,9.5,×,✓,×,×,×,×,×,×,×,✓,×,×,×,×,×,×,×,×,×,×,×,×,×
サウンド,Sound,8,×,✓,×,×,×,×,×,×,×,×,×,×,×,×,×,×,×,×,×,×,×,✓,×
soundless voice,Soundless Voice,7.5,×,✓,×,×,×,×,×,×,×,✓,×,×,×,×,×,×,×,×,×,×,×,×,×
桜ノ雨,Sakura no Ame,7,×,✓,×,×,×,×,×,×,×,✓,×,×,×,×,×,×,×,×,×,×,×,×,×
Sadistic.Music∞Factory,Sadistic.Music∞Factory,10,×,✓,×,×,×,×,×,×,×,✓,×,×,×,×,×,×,×,×,×,×,×,×,×
サマーアイドル,Summer Idol,8,×,✓,×,×,×,×,×,×,×,×,×,×,×,✓,×,×,×,×,×,×,×,×,×
サヨナラ・グッバイ,"Sayonara, Goodbye",7,×,×,✓,×,×,×,×,×,×,×,×,×,×,×,×,×,×,×,×,×,×,×,×
39,39,7,×,×,✓,×,×,×,×,×,×,✓,×,×,×,×,×,×,×,×,×,×,×,×,×
サンドリヨン,Cendrillion,8.5,×,×,×,✓,×,×,×,×,×,✓,×,×,×,×,×,×,×,×,×,×,×,×,×
The secret garden,The secret garden,6,×,✓,×,×,×,×,×,×,×,×,✓,×,×,×,×,×,×,×,×,×,×,×,×
shake it!,shake it!,8,×,×,×,✓,×,×,×,×,×,✓,×,×,×,×,×,×,×,×,×,×,×,×,×
ジェミニ,Gemini,7.5,×,✓,×,×,×,×,×,×,×,✓,×,×,×,×,×,×,×,×,×,×,×,×,×
ZIGG-ZAGG,ZIGG-ZAGG,8,×,×,✓,×,×,×,×,×,×,×,×,×,×,×,×,×,×,×,×,×,×,×,×
システマティック・ラヴ,Systematic Love,8.5,×,×,✓,×,×,×,×,×,×,×,×,×,×,×,×,×,✓,×,×,×,×,×,×
Just Be Friends,Just Be Friends,8,×,✓,×,×,×,×,×,×,×,✓,×,×,×,×,×,×,×,×,×,×,×,×,×
ジュゲムシーケンサー,Jugemu Sequencer,8.5,×,×,✓,×,×,×,×,×,×,×,×,×,×,×,×,×,×,×,×,×,×,×,×
白い雪のプリンセスは,The Snow White Princess is...,7.5,×,×,✓,×,×,×,×,×,×,✓,×,×,×,×,×,×,×,×,×,×,×,×,×
深海シティアンダーグラウンド,Deep Sea City Underground,7,×,×,✓,×,×,×,×,×,×,×,×,×,×,×,×,✓,×,×,×,×,×,×,×
深海少女,Deep Sea Girl,7,×,×,✓,×,×,×,×,×,×,✓,×,×,×,×,×,×,×,×,×,×,×,×,×
SING&SMILE,SING&SMILE,8.5,×,×,✓,×,×,×,×,×,×,×,×,×,×,×,✓,×,×,×,×,×,×,×,×
SYMPHONIC DIVE - DIVA FT edit -,SYMPHONIC DIVE - DIVA FT edit -,8.5,×,×,✓,×,×,×,×,×,×,×,×,×,×,×,×,×,×,×,×,×,×,×,×
スイートマジック,Sweet Magic,8,×,×,✓,×,×,×,×,×,×,✓,×,×,×,×,×,×,×,×,×,×,×,×,×
Sweet Devil,Sweet Devil,9,×,✓,×,×,×,×,×,×,×,✓,×,×,×,×,×,×,×,×,×,×,×,×,×
スキキライ,Love-Hate,7.5,×,✓,×,×,×,×,×,×,×,✓,×,×,×,×,×,×,×,×,×,×,×,×,×
StargazeR,StargazeR,8,×,×,✓,×,×,×,×,×,×,×,×,×,×,×,×,×,×,×,✓,×,×,×,×
Star Story,Star Story,7,×,✓,×,×,×,×,×,×,×,×,×,×,×,×,×,×,×,×,×,×,✓,×,×
Starduster,Starduster,6.5,×,✓,×,×,×,×,×,×,×,×,×,×,×,×,×,×,×,×,✓,×,×,×,×
Starlite★Lydian,Starlite★Lydian,8,×,×,✓,×,×,×,×,×,×,×,×,×,×,×,×,×,×,×,×,×,×,×,×
Stay with me,Stay with me,7.5,×,✓,×,×,×,×,×,×,×,×,×,×,×,×,×,×,×,×,×,×,×,×,✓
ステップフォワド,Step Forward,9,×,×,✓,×,×,×,×,×,×,×,×,×,×,×,×,×,×,×,×,×,×,×,×
ストロボナイツ,Strobe Nights,7.5,×,✓,×,×,×,×,×,×,×,×,×,×,×,×,×,×,×,×,×,✓,×,×,×
砂の惑星 feat.初音ミク,Suna no Wakusei feat. Hatsune Miku,9,×,×,×,×,×,×,✓,×,×,✓,×,×,×,×,×,×,×,×,×,×,×,×,×
スノーマン,Snowman,8.5,×,×,✓,×,×,×,×,×,×,✓,×,×,×,×,×,×,×,×,×,×,×,×,×
SPiCa -39's Giving Day Edition-,SPiCa -39's Giving Day Edition-,8,×,✓,×,×,×,×,×,×,×,✓,×,×,×,×,×,×,×,×,×,×,×,×,×
slump,slump,8.5,×,×,✓,×,×,×,×,×,×,×,×,×,×,×,×,×,×,×,×,×,×,×,×
積乱雲グラフィティ,Sekiranun Graffiti,7,×,✓,×,×,×,×,×,×,×,×,✓,×,×,×,×,×,×,×,×,×,×,×,×
千年の独奏歌 (DIVA edit),Thousand Year Solo (DIVA Edit),7,×,✓,×,×,×,×,×,×,×,×,×,×,×,✓,×,×,×,×,×,×,×,×,×
千本桜,Senbonzakura,8,×,×,✓,×,×,×,×,×,×,×,×,×,×,×,×,×,×,×,×,×,×,×,×
千本桜 -F edition-,Senbonzakura -F edition-,9.5,×,✓,×,×,×,×,×,×,×,✓,×,×,×,×,×,×,×,×,×,×,×,×,×
そいやっさぁ！！,Soiyassa!!,8.5,×,×,✓,×,×,×,×,×,×,×,×,×,×,×,×,×,×,×,×,×,×,×,×
So much loving you★ -DIVA Edit-,So Much Loving You★ -DIVA Edit-,8,×,×,✓,×,×,×,×,×,×,×,×,×,×,×,×,×,×,×,×,×,×,×,×
その一秒スローモーション,That One Second in Slow Motion,7,×,✓,×,×,×,×,×,×,×,×,×,×,×,×,×,×,×,×,×,×,×,×,×
DYE,DYE,8.5,×,✓,×,×,×,×,×,×,×,✓,×,×,×,×,×,×,×,×,×,×,×,×,×
タイムマシン,Time Machine,7.5,×,✓,×,×,×,×,×,×,×,✓,×,×,×,×,×,×,×,×,×,×,×,×,×
タイムリミット,Time Limit,8,×,×,✓,×,×,×,×,×,×,×,×,×,×,×,×,×,×,×,×,×,×,×,×
多重未来のカルテット -Quartet Theme-,Quartet of Multiple Futures -Quartet Theme-,8.5,×,×,✓,×,×,×,×,×,×,×,×,×,×,×,×,×,×,✓,×,×,×,×,×
ダブルラリアット,Double Lariat,7,×,✓,×,×,×,×,×,×,×,×,×,✓,×,×,×,×,×,×,×,×,×,×,×
Change me,Change Me,7,×,✓,×,×,×,×,×,×,×,×,×,×,×,×,×,×,×,×,×,×,✓,×,×
番凩,Wintry Winds,8,×,✓,×,×,×,×,×,×,×,✓,×,×,×,×,×,×,×,×,×,×,×,×,×
月向うまでのトラベル,Travel to The Other Side of The Moon,8,×,×,✓,×,×,×,×,×,×,×,×,×,×,×,×,×,×,×,×,×,×,×,×
Dear,Dear,7.5,×,✓,×,×,×,×,×,×,×,×,×,×,×,×,×,✓,×,×,×,×,×,×,×
Dear cocoa girls,Dear cocoa girls,6.5,×,✓,×,×,×,×,×,×,×,×,×,×,×,×,×,×,×,×,×,×,×,×,×
DECORATOR,Decorator,7.5,×,✓,×,×,×,×,×,×,×,✓,×,×,×,×,×,×,×,×,×,×,×,×,×
Tell Your World,Tell Your World,6.5,×,✓,×,×,×,×,×,×,×,✓,×,×,×,×,×,×,×,×,×,×,×,×,×
テレカクシ思春期,Terekakushi Shishunki,8,×,×,✓,×,×,×,×,×,×,✓,×,×,×,×,×,×,×,×,×,×,×,×,×
天樂,Tengaku,8,×,✓,×,×,×,×,×,×,×,✓,×,×,×,×,×,×,×,×,×,×,×,×,×
デンパラダイム,Denparadigm,10,×,×,✓,×,×,×,×,×,×,×,×,×,✓,×,×,×,×,×,×,×,×,×,×
どういうことなの！？,What Do You Mean!?,8,×,✓,×,×,×,×,×,×,×,×,×,×,×,×,×,✓,×,×,×,×,×,×,×
東京テディベア,Tokyo Teddy Bear,8,×,✓,×,×,×,×,×,×,×,✓,×,×,×,×,×,×,×,×,×,×,×,×,×
どうしてこうなった,How'd It Get To Be Like This?,9,×,×,✓,×,×,×,×,×,×,×,×,×,×,×,×,×,×,×,×,×,×,×,×
透明水彩,Transparent Watercolors,8.5,×,×,✓,×,×,×,×,×,×,×,×,×,×,×,×,×,×,×,×,×,×,×,×
Dreaming Leaf -ユメミルコトノハ-,Dreaming Leaf,8,×,✓,×,×,×,×,×,×,×,×,×,×,×,×,×,×,×,×,×,×,×,×,×
トリコロール・エア・ライン,Tricolore Airline,7.5,×,×,✓,×,×,×,×,×,×,✓,×,×,×,×,×,×,×,×,×,×,×,×,×
トリノコシティ,Torinokocity,8,×,✓,×,×,×,×,×,×,×,✓,×,×,×,×,×,×,×,×,×,×,×,×,×
ナイト・オブ・ライト,Knight of Light,7.5,×,×,✓,×,×,×,×,×,×,×,×,×,×,×,×,×,×,×,×,×,×,×,×
ナイトメア☆パーティーナイト,Nightmare ☆ Party Night,6.5,×,×,✓,×,×,×,×,×,×,×,×,×,×,×,×,×,×,×,×,×,×,×,×
Knife,Knife,8.5,×,✓,×,×,×,×,×,×,×,×,×,×,×,×,×,×,✓,×,×,×,×,×,×
那由他の彼方まで,To the End of Infinity,7,×,✓,×,×,×,×,×,×,×,×,×,×,×,×,×,×,×,×,×,×,×,×,×
なりすましゲンが,Doubleganger,8.5,×,✓,×,×,×,×,×,×,×,✓,×,×,×,×,×,×,×,×,×,×,×,×,×
二次元ドリームフィーバー,2D Dream Fever,10,×,✓,×,×,×,×,×,×,×,✓,×,×,×,×,×,×,×,×,×,×,×,×,×
二息歩行,Two Breaths Walking,8,×,✓,×,×,×,×,×,×,×,×,×,×,×,×,×,×,✓,×,×,×,×,×,×
Nyanyanyanyanyanyanya!,Nyanyanyanyanyanyanya!,9,×,✓,×,×,×,×,×,×,×,×,×,×,×,×,×,×,×,×,×,×,×,✓,×
ネガポジ＊コンティニューズ,Negaposi*Continues,10,×,✓,×,×,×,×,×,×,×,×,×,×,×,×,✓,×,×,×,×,×,×,×,×
ネコミミアーカイブ,NekoMimi Archive,8.5,×,×,✓,×,×,×,×,×,×,×,×,×,×,×,×,×,×,×,×,×,×,×,×
ねこみみスイッチ,NekoMimi Switch,7.5,×,✓,×,×,×,×,×,×,×,×,×,×,×,×,×,×,×,×,×,✓,×,×,×
ネトゲ廃人シュプレヒコール,The MMORPG Addict's Anthem,8,×,✓,×,×,×,×,×,×,×,✓,×,×,×,×,×,×,×,×,×,×,×,×,×
No Logic,No Logic,8,×,×,✓,×,×,×,×,×,×,×,×,×,✓,×,×,×,×,×,×,×,×,×,×
Nostalogic,Nostalogic,7.5,×,✓,×,×,×,×,×,×,×,✓,×,×,×,×,×,×,×,×,×,×,×,×,×
ハイスクール Days - DIVA EDIT,High School Days - DIVA EDIT,8,×,×,✓,×,×,×,×,×,×,×,×,×,×,×,×,×,×,×,×,×,×,×,×
ハイハハイニ,Ashes to Ashes,8,×,✓,×,×,×,×,×,×,×,×,×,✓,×,×,×,×,×,×,×,×,×,×,×
ハジメテノオト,The First Sound,7,×,✓,×,×,×,×,×,×,×,✓,×,×,×,×,×,×,×,×,×,×,×,×,×
初めての恋が終わる時,When First Love Ends,7,×,✓,×,×,×,×,×,×,×,×,×,×,✓,×,×,×,×,×,×,×,×,×,×
はじめまして地球人さん,"Nice To Meet You, Mr. Earthling",8,×,×,✓,×,×,×,×,×,×,✓,×,×,×,×,×,×,×,×,×,×,×,×,×
パズル,Puzzle,6.5,×,✓,×,×,×,×,×,×,×,×,×,×,×,×,×,×,×,×,×,×,✓,×,×
Packaged,Packaged,7,×,✓,×,×,×,×,×,×,×,×,×,×,×,✓,×,×,×,×,×,×,×,×,×
初音ミクの激唱,The Intense Voice of Hatsune Miku,10,×,✓,×,×,×,×,×,×,×,✓,×,×,×,×,×,×,×,×,×,×,×,×,×
初音ミクの消失,The Disappearance of Hatsune Miku,9,×,✓,×,×,×,×,×,×,×,✓,×,×,×,×,×,×,×,×,×,×,×,×,×
ハト,White Dove,7,×,✓,×,×,×,×,×,×,×,×,×,×,×,×,×,×,×,×,×,×,×,×,×
花舞月詠譚,Hanamai Tsukuyomi Tan,7.5,×,×,✓,×,×,×,×,×,×,×,×,×,×,×,×,×,×,×,×,×,×,×,×
Pane dhiria,Pane dhiria,8.5,×,×,✓,×,×,×,×,×,×,×,×,×,×,×,×,×,×,×,×,×,×,×,×
パラジクロロベンゼン,Paradichlorobenzene,9,×,✓,×,×,×,×,×,×,×,×,×,×,×,×,×,×,×,×,×,✓,×,×,×
巴里映画少女,Paris Cinema Girl,8,×,×,✓,×,×,×,×,×,×,×,×,×,×,×,×,×,×,×,×,×,×,✓,×
Palette,Palette,7,×,✓,×,×,×,×,×,×,×,✓,×,×,×,×,×,×,×,×,×,×,×,×,×
*ハロー、プラネット。(I.M.PLSE-EDIT),"*Hello, Planet.",8,×,×,✓,×,×,×,×,×,×,✓,×,×,×,×,×,×,×,×,×,×,×,×,×
"Hello, Worker","Hello, Worker",8,×,✓,×,×,×,×,×,×,×,✓,×,×,×,×,×,×,×,×,×,×,×,×,×
Hand in Hand,Hand in Hand,7.5,×,×,×,×,✓,×,×,×,×,✓,×,×,×,×,×,×,×,×,×,×,×,×,×
PIANO*GIRL,PIANO*GIRL,8.5,×,×,✓,×,×,×,×,×,×,×,×,×,×,×,×,×,✓,×,×,×,×,×,×
ピアノ×フォルテ×スキャンダル,Piano x Forte x Scandal,9.5,×,×,×,×,×,✓,×,×,×,✓,×,×,×,×,×,×,×,×,×,×,×,×,×
ひねくれ者,Jaded,7.5,×,✓,×,×,×,×,×,×,×,×,×,×,×,×,×,×,×,×,×,×,×,×,×
ヒビカセ,Hibikase,8.5,×,×,×,×,×,✓,×,×,×,✓,×,×,×,×,×,×,×,×,×,×,×,×,×
秘密警察,Secret Police,9,×,✓,×,×,×,×,×,×,×,✓,×,×,×,×,×,×,×,×,×,×,×,×,×
天鵞絨アラベスク,Velvet Arabesque,6.5,×,✓,×,×,×,×,×,×,×,×,×,×,×,×,×,×,×,×,×,×,×,×,×
ピンクムーン,Pink Moon,7.5,×,×,✓,×,×,×,×,×,×,×,×,×,×,×,×,×,×,×,×,×,×,×,×
Far Away,Far Away,6,×,✓,×,×,×,×,×,×,×,×,×,×,×,×,×,×,×,×,×,×,×,×,×
Fire◎Flower,Fire◎Flower,7.5,×,✓,×,×,×,×,×,×,×,✓,×,×,×,×,×,×,×,×,×,×,×,×,×
ファインダー(DSLR remix - re:edit),Finder (DSLR remix - re:edit),7,×,×,✓,×,×,×,×,×,×,×,×,×,×,×,×,×,×,×,×,×,×,✓,×
フキゲンワルツ,Grumpy Waltz,9.5,×,✓,×,×,×,×,×,×,×,×,×,×,×,×,×,×,×,×,×,×,×,×,✓
ふたりで。,The Two of Us - Futaride,7.5,×,×,✓,×,×,×,×,×,×,×,×,×,×,×,×,×,×,×,×,×,×,×,×
ブラックゴールド,Black Gold,8.5,×,×,✓,×,×,×,×,×,×,✓,×,×,×,×,×,×,×,×,×,×,×,×,×
Blackjack,Blackjack,9.5,×,✓,×,×,×,×,×,×,×,✓,×,×,×,×,×,×,×,×,×,×,×,×,×
ブラックノートに弱れさせて,Let Me Lose Myself in The Black Note,8,×,×,✓,×,×,×,×,×,×,×,×,×,×,×,×,×,×,×,×,×,×,×,×
ブラック★ロックシューター,Black★Rock Shooter,7.5,×,✓,×,×,×,×,×,×,×,✓,×,×,×,×,×,×,×,×,×,×,×,×,×
フランシスカ,Francisca,9,×,×,✓,×,×,×,×,×,×,×,×,×,×,×,×,×,×,×,×,×,×,×,×
FREELY TOMORROW,Freely Tomorrow,7,×,✓,×,×,×,×,×,×,×,✓,×,×,×,×,×,×,×,×,×,×,×,×,×
break;down,break;down,8,×,×,✓,×,×,×,×,×,×,×,×,×,×,×,×,×,×,×,×,×,×,×,×
Promise,Promise,8,×,✓,×,×,×,×,×,×,×,×,×,×,×,×,×,×,×,×,×,×,×,×,✓
from Y to Y,from Y to Y,7,×,✓,×,×,×,×,×,×,×,✓,×,×,×,×,×,×,×,×,×,×,×,×,×
ペリコ・スペースシッパー,Perico Space Shipper,7.5,×,×,✓,×,×,×,×,×,×,×,×,×,×,×,×,×,×,×,×,×,×,×,×
VOiCE -DIVA MIX-,VOiCE -DIVA MIX-,8,×,✓,×,×,×,×,×,×,×,×,×,×,×,×,×,×,×,×,×,✓,×,×,×
崩壊歌姫 -disruptive diva-,Disruptive Diva,8,×,×,✓,×,×,×,×,×,×,×,×,×,×,×,×,×,×,×,×,×,×,×,×
忘却心中,Lover's Suicide Oblivion,8,×,✓,×,×,×,×,×,×,×,×,×,×,×,✓,×,×,×,×,×,×,×,×,×
Holy Star -2010 DIVA mix-,Holy Star -2010 DIVA mix-,7,×,×,✓,×,×,×,×,×,×,×,×,×,×,×,×,×,×,×,×,×,×,×,×
星屑ユートピア,Stardust Utopia,8,×,×,✓,×,×,×,×,×,×,×,×,×,×,×,×,×,×,×,×,×,×,✓,×
ほしをつくるひと,The Star Maker,8,×,×,✓,×,×,×,×,×,×,×,×,×,×,×,×,×,×,×,×,×,×,×,×
ぽっぴっぽー,Po Pi Po,9.5,×,✓,×,×,×,×,×,×,×,✓,×,×,×,×,×,×,×,×,×,×,×,×,×
ほんとは分かってる,I Really Do Understand,7,×,✓,×,×,×,×,×,×,×,×,×,×,×,×,×,×,×,×,×,×,×,×,×
マージナル,Marginal,8,×,✓,×,×,×,×,×,×,×,×,×,×,×,×,×,×,×,×,×,×,×,✓,×
迷子ライフ,maigo life,7,×,×,✓,×,×,×,×,×,×,×,×,×,×,×,×,×,×,×,×,×,×,×,×
magnet,Magnet,8,×,✓,×,×,×,×,×,×,×,✓,×,×,×,×,×,×,×,×,×,×,×,×,×
Magical Sound Shower,Magical Sound Shower,8.5,×,×,✓,×,×,×,×,×,×,×,×,×,×,×,×,×,×,×,×,×,×,×,×
マスターオブパペッツ,Master of Puppets,8.5,×,×,✓,×,×,×,×,×,×,×,×,×,×,×,×,×,×,×,×,×,×,×,×
右肩の蝶,Butterfly on Your Right Shoulder,8,×,✓,×,×,×,×,×,×,×,×,×,×,✓,×,×,×,×,×,×,×,×,×,×
右肩の蝶 -39's Giving Day Edition-,Butterfly on Your Right Shoulder -39's Giving Day Edition-,8.5,×,×,✓,×,×,×,×,×,×,×,×,×,×,×,×,×,×,×,×,×,×,×,×
みくみく菌にご注意♪,Beware of the Miku Miku Germs♪,8,×,✓,×,×,×,×,×,×,×,×,×,×,×,×,×,×,×,×,×,×,×,×,×
みくみくにしてあげる♪【してやんよ】,I'll Miku-Miku You♪ (For Reals),7,×,✓,×,×,×,×,×,×,×,✓,×,×,×,×,×,×,×,×,×,×,×,×,×
ミラクルペイント,Miracle Paint,8.5,×,✓,×,×,×,×,×,×,×,✓,×,×,×,×,×,×,×,×,×,×,×,×,×
moon,moon,7,×,✓,×,×,×,×,×,×,×,×,×,×,×,×,×,×,×,×,×,×,×,×,×
結んで開いて羅刹と骸,"Close and Open, Demons and The Dead",8,×,✓,×,×,×,×,×,×,×,×,×,✓,×,×,×,×,×,×,×,×,×,×,×
迷的サイバネティックス,Meiteki Cybernetics,8,×,×,✓,×,×,×,×,×,×,×,×,×,×,×,×,×,×,×,×,×,×,×,×
MEGANE,Glasses,8,×,✓,×,×,×,×,×,×,×,×,×,×,×,×,×,×,×,×,×,×,✓,×,×
メテオ,Meteor,7.5,×,✓,×,×,×,×,×,×,×,✓,×,×,×,×,×,×,×,×,×,×,×,×,×
メランコリック,Melancholic,8,×,✓,×,×,×,×,×,×,×,✓,×,×,×,×,×,×,×,×,×,×,×,×,×
メルト,Melt,7,×,✓,×,×,×,×,×,×,×,✓,×,×,×,×,×,×,×,×,×,×,×,×,×
Mellow Yellow,Mellow Yellow,8,×,×,✓,×,×,×,×,×,×,×,×,×,×,×,×,×,×,×,×,×,×,×,×
melody...,melody...,8,×,×,✓,×,×,×,×,×,×,×,×,×,×,×,×,×,×,×,×,×,×,×,×
妄想スケッチ,Mousou Sketch,9,×,×,✓,×,×,×,×,×,×,×,×,×,✓,×,×,×,×,×,×,×,×,×,×
モノクロ∞ブルースカイ,Monochrome∞Blue Sky,7,×,✓,×,×,×,×,×,×,×,✓,×,×,×,×,×,×,×,×,×,×,×,×,×
悠久-Song of Eternity-DIVAMIX-,Song of Eternity -DIVAMIX-,6.5,×,×,✓,×,×,×,×,×,×,×,×,×,×,×,×,×,×,×,×,×,×,×,×
指切り,Pinky Swear,8.5,×,✓,×,×,×,×,×,×,×,✓,×,×,×,×,×,×,×,×,×,×,×,×,×
夢喰い白黒バク,Dream-Eating Monochrome Baku,8,×,✓,×,×,×,×,×,×,×,×,×,×,×,×,×,×,✓,×,×,×,×,×,×
夢の続き,Continuing Dream,6.5,×,✓,×,×,×,×,×,×,×,×,×,×,×,×,×,×,×,×,×,×,✓,×,×
ゆめゆめ,Yumeyume,7,×,×,✓,×,×,×,×,×,×,×,✓,×,×,×,×,×,×,×,×,×,×,×,×
LIKE THE WIND,LIKE THE WIND,8,×,×,✓,×,×,×,×,×,×,×,×,×,×,×,×,×,×,✓,×,×,×,×,×
"Last Night, Good Night","Last Night, Good Night",6.5,×,✓,×,×,×,×,×,×,×,×,×,×,×,×,×,×,×,×,×,×,×,×,✓
ラブリスト更新中？,Updating My Love List?,7,×,✓,×,×,×,×,×,×,×,×,×,×,×,×,×,×,×,×,×,×,×,×,×
リモコン,Remote Controller,8,×,✓,×,×,×,×,×,×,×,✓,×,×,×,×,×,×,×,×,×,×,×,×,×
リンちゃんなう！,Rin-chan Now!,9,×,✓,×,×,×,×,×,×,×,×,×,×,×,×,×,✓,×,×,×,×,×,×,×
リンリンシグナル -Append Mix-,RinRin Signal -Append Mix-,7,×,✓,×,×,×,×,×,×,×,×,×,×,×,×,×,×,×,×,✓,×,×,×,×
ルカルカ★ナイトフィーバー,Luka Luka ★ Night Fever,8,×,✓,×,×,×,×,×,×,×,✓,×,×,×,×,×,×,×,×,×,×,×,×,×
ルシッドドリーミング,Lucid Dreaming,8,×,×,✓,×,×,×,×,×,×,×,×,×,×,×,×,×,×,×,×,×,×,×,×
Leia,Leia,8,×,×,✓,×,×,×,×,×,×,×,×,×,×,×,×,×,×,×,×,×,×,×,✓
ローリンガール,Rolling Girl,9,×,✓,×,×,×,×,×,×,×,✓,×,×,×,×,×,×,×,×,×,×,×,×,×
1/6 -out of the gravity-,1/6 -out of the gravity-,7,✓,×,✓,×,×,×,×,×,×,✓,×,×,×,×,×,×,×,×,×,×,×,×,×
Rosary Pale,Rosary Pale,8,×,×,✓,×,×,×,×,×,×,×,×,×,×,×,×,×,×,×,✓,×,×,×,×
炉心融解,Roshin Yukai,8,×,✓,×,×,×,×,×,×,×,×,×,✓,×,×,×,×,×,×,×,×,×,×,×
ロミオとシンデレラ,Romeo and Cinderella,9,×,×,✓,×,×,×,×,×,×,✓,×,×,×,×,×,×,×,×,×,×,×,×,×
WORLD'S END UMBRELLA,World's End Umbrella,8,×,✓,×,×,×,×,×,×,×,×,×,×,×,×,✓,×,×,×,×,×,×,×,×
ワールズエンド・ダンスホール -Live Dance Edition-,World's End Dance Hall -Live Dance Edition-,10,×,×,✓,×,×,×,×,×,×,✓,×,×,×,×,×,×,×,×,×,×,×,×,×
ワールドイズマイン,The World is Mine,7.5,×,×,✓,×,×,×,×,×,×,✓,×,×,×,×,×,×,×,×,×,×,×,×,×
エイリアンエイリアン,Alien Alien,8.5,×,×,×,×,×,×,×,✓,×,✓,×,×,×,×,×,×,×,×,×,×,×,×,×
大江戸ジュリアナイト,Ohedo Julia Night,9,×,×,×,×,×,×,×,✓,×,✓,×,×,×,×,×,×,×,×,×,×,×,×,×
Catch the Wave,Catch the Wave,8,×,×,×,×,×,×,×,✓,×,✓,×,×,×,×,×,×,×,×,×,×,×,×,×
39みゅーじっく！,39 Music!,8.5,×,×,×,×,×,×,×,✓,×,✓,×,×,×,×,×,×,×,×,×,×,×,×,×
ジグソーパズル,Jigsaw Puzzle,9.5,×,×,×,×,×,×,×,✓,×,✓,×,×,×,×,×,×,×,×,×,×,×,×,×
ジターバグ,Jitterbug,9,×,×,×,×,×,×,×,✓,×,✓,×,×,×,×,×,×,×,×,×,×,×,×,×
テオ,Teo,9,×,×,×,×,×,×,×,✓,×,✓,×,×,×,×,×,×,×,×,×,×,×,×,×
どりーみんチュチュ,Dreaming Chu-Chu,8,×,×,×,×,×,×,×,✓,×,✓,×,×,×,×,×,×,×,×,×,×,×,×,×
ヒバナ,Hibana,8.5,×,×,×,×,×,×,×,✓,×,✓,×,×,×,×,×,×,×,×,×,×,×,×,×
ロキ,Roki,9,×,×,×,×,×,×,×,✓,×,✓,×,×,×,×,×,×,×,×,×,×,×,×,×
Bless your Breath,Bless Your Breath,8,×,×,×,×,×,×,×,×,✓,×,×,×,×,×,×,×,×,×,✓,×,×,×,×
劣等上等,BRING IT ON,9,×,×,×,×,×,×,×,×,✓,×,×,×,×,×,×,×,×,×,×,×,✓,×,×
ドラマツルギー,Dramaturgy,9.5,×,×,×,×,×,×,×,×,✓,×,×,×,×,×,×,×,×,×,×,×,×,✓,×
グリーンライツセレナーデ,Greenlights Serenade,8.5,×,×,×,×,×,×,×,×,✓,×,×,×,×,×,×,×,×,×,×,×,×,×,✓